"","abb","year","value","state","fips","label"
"1","RI","2006",0.2143556,"Rhode Island",44,"Nones"
"2","NH","2006",0.245922,"New Hampshire",33,"Nones"
"3","CT","2006",0.26604971,"Connecticut",9,"Nones"
"4","NY","2006",0.2286758,"New York",36,"Nones"
"5","MA","2006",0.28128269,"Massachusetts",25,"Nones"
"6","WY","2006",0.29072389,"Wyoming",56,"Nones"
"7","MD","2006",0.20673829,"Maryland",24,"Nones"
"8","NJ","2006",0.1813484,"New Jersey",34,"Nones"
"9","CA","2006",0.26961479,"California",6,"Nones"
"10","VT","2006",0.1909236,"Vermont",50,"Nones"
"11","NV","2006",0.2878103,"Nevada",32,"Nones"
"12","HI","2006",0.23942789,"Hawaii",15,"Nones"
"13","WV","2006",0.16938829,"West Virginia",54,"Nones"
"14","DE","2006",0.20306531,"Delaware",10,"Nones"
"15","IN","2006",0.1695279,"Indiana",18,"Nones"
"16","WA","2006",0.3223339,"Washington",53,"Nones"
"17","IL","2006",0.17563599,"Illinois",17,"Nones"
"18","ME","2006",0.2224569,"Maine",23,"Nones"
"19","ND","2006",0.14388201,"North Dakota",38,"Nones"
"20","NC","2006",0.17641149,"North Carolina",37,"Nones"
"21","NM","2006",0.2803171,"New Mexico",35,"Nones"
"22","CO","2006",0.3055405,"Colorado",8,"Nones"
"23","AK","2006",0.32837579,"Alaska",2,"Nones"
"24","VA","2006",0.1983026,"Virginia",51,"Nones"
"25","SD","2006",0.0948423,"South Dakota",46,"Nones"
"26","WI","2006",0.1885629,"Wisconsin",55,"Nones"
"27","PA","2006",0.1603844,"Pennsylvania",42,"Nones"
"28","FL","2006",0.19837409,"Florida",12,"Nones"
"29","ID","2006",0.23084991,"Idaho",16,"Nones"
"30","MT","2006",0.21389151,"Montana",30,"Nones"
"31","OR","2006",0.28893089,"Oregon",41,"Nones"
"32","MN","2006",0.16438501,"Minnesota",27,"Nones"
"33","MS","2006",0.1211985,"Mississippi",28,"Nones"
"34","MO","2006",0.1550089,"Missouri",29,"Nones"
"35","SC","2006",0.1072019,"South Carolina",45,"Nones"
"36","IA","2006",0.2102209,"Iowa",19,"Nones"
"37","AR","2006",0.2011272,"Arkansas",5,"Nones"
"38","TN","2006",0.1220289,"Tennessee",47,"Nones"
"39","LA","2006",0.15256339,"Louisiana",22,"Nones"
"40","MI","2006",0.1939833,"Michigan",26,"Nones"
"41","OH","2006",0.1731708,"Ohio",39,"Nones"
"42","AL","2006",0.099108502,"Alabama",1,"Nones"
"43","GA","2006",0.1599396,"Georgia",13,"Nones"
"44","OK","2006",0.1552715,"Oklahoma",40,"Nones"
"45","TX","2006",0.1539571,"Texas",48,"Nones"
"46","AZ","2006",0.2212109,"Arizona",4,"Nones"
"47","KS","2006",0.1660472,"Kansas",20,"Nones"
"48","KY","2006",0.1716947,"Kentucky",21,"Nones"
"49","NE","2006",0.2188098,"Nebraska",31,"Nones"
"50","UT","2006",0.2138973,"Utah",49,"Nones"
"51","DC","2006",0.1041024,"District of Columbia",11,"Nones"
"52","RI","2007",0.23705246,"Rhode Island",44,"Nones"
"53","NH","2007",0.25650924,"New Hampshire",33,"Nones"
"54","CT","2007",0.2230368,"Connecticut",9,"Nones"
"55","NY","2007",0.23689835,"New York",36,"Nones"
"56","MA","2007",0.27211565,"Massachusetts",25,"Nones"
"57","WY","2007",0.25645465,"Wyoming",56,"Nones"
"58","MD","2007",0.19143306,"Maryland",24,"Nones"
"59","NJ","2007",0.19163325,"New Jersey",34,"Nones"
"60","CA","2007",0.28553426,"California",6,"Nones"
"61","VT","2007",0.26505071,"Vermont",50,"Nones"
"62","NV","2007",0.27811351,"Nevada",32,"Nones"
"63","HI","2007",0.2259841,"Hawaii",15,"Nones"
"64","WV","2007",0.16680434,"West Virginia",54,"Nones"
"65","DE","2007",0.1952085,"Delaware",10,"Nones"
"66","IN","2007",0.2018443,"Indiana",18,"Nones"
"67","WA","2007",0.32947704,"Washington",53,"Nones"
"68","IL","2007",0.1928992,"Illinois",17,"Nones"
"69","ME","2007",0.26906589,"Maine",23,"Nones"
"70","ND","2007",0.13420039,"North Dakota",38,"Nones"
"71","NC","2007",0.1754131,"North Carolina",37,"Nones"
"72","NM","2007",0.2396377,"New Mexico",35,"Nones"
"73","CO","2007",0.28409564,"Colorado",8,"Nones"
"74","AK","2007",0.3251861,"Alaska",2,"Nones"
"75","VA","2007",0.21857914,"Virginia",51,"Nones"
"76","SD","2007",0.1457074,"South Dakota",46,"Nones"
"77","WI","2007",0.19125184,"Wisconsin",55,"Nones"
"78","PA","2007",0.18167961,"Pennsylvania",42,"Nones"
"79","FL","2007",0.21016771,"Florida",12,"Nones"
"80","ID","2007",0.25224146,"Idaho",16,"Nones"
"81","MT","2007",0.20730124,"Montana",30,"Nones"
"82","OR","2007",0.30883849,"Oregon",41,"Nones"
"83","MN","2007",0.1745134,"Minnesota",27,"Nones"
"84","MS","2007",0.1416119,"Mississippi",28,"Nones"
"85","MO","2007",0.187985,"Missouri",29,"Nones"
"86","SC","2007",0.1414344,"South Carolina",45,"Nones"
"87","IA","2007",0.21731375,"Iowa",19,"Nones"
"88","AR","2007",0.1941077,"Arkansas",5,"Nones"
"89","TN","2007",0.15386575,"Tennessee",47,"Nones"
"90","LA","2007",0.14099355,"Louisiana",22,"Nones"
"91","MI","2007",0.22449809,"Michigan",26,"Nones"
"92","OH","2007",0.18829346,"Ohio",39,"Nones"
"93","AL","2007",0.1381498,"Alabama",1,"Nones"
"94","GA","2007",0.16058655,"Georgia",13,"Nones"
"95","OK","2007",0.17726339,"Oklahoma",40,"Nones"
"96","TX","2007",0.1629277,"Texas",48,"Nones"
"97","AZ","2007",0.25236624,"Arizona",4,"Nones"
"98","KS","2007",0.18236825,"Kansas",20,"Nones"
"99","KY","2007",0.16932826,"Kentucky",21,"Nones"
"100","NE","2007",0.2163967,"Nebraska",31,"Nones"
"101","UT","2007",0.18595114,"Utah",49,"Nones"
"102","DC","2007",0.20767584,"District of Columbia",11,"Nones"
"103","RI","2008",0.25974929,"Rhode Island",44,"Nones"
"104","NH","2008",0.26709649,"New Hampshire",33,"Nones"
"105","CT","2008",0.18002389,"Connecticut",9,"Nones"
"106","NY","2008",0.2451209,"New York",36,"Nones"
"107","MA","2008",0.2629486,"Massachusetts",25,"Nones"
"108","WY","2008",0.2221854,"Wyoming",56,"Nones"
"109","MD","2008",0.17612781,"Maryland",24,"Nones"
"110","NJ","2008",0.2019181,"New Jersey",34,"Nones"
"111","CA","2008",0.30145371,"California",6,"Nones"
"112","VT","2008",0.33917779,"Vermont",50,"Nones"
"113","NV","2008",0.2684167,"Nevada",32,"Nones"
"114","HI","2008",0.2125403,"Hawaii",15,"Nones"
"115","WV","2008",0.16422039,"West Virginia",54,"Nones"
"116","DE","2008",0.1873517,"Delaware",10,"Nones"
"117","IN","2008",0.23416071,"Indiana",18,"Nones"
"118","WA","2008",0.33662021,"Washington",53,"Nones"
"119","IL","2008",0.2101624,"Illinois",17,"Nones"
"120","ME","2008",0.3156749,"Maine",23,"Nones"
"121","ND","2008",0.1245188,"North Dakota",38,"Nones"
"122","NC","2008",0.17441469,"North Carolina",37,"Nones"
"123","NM","2008",0.19895829,"New Mexico",35,"Nones"
"124","CO","2008",0.26265079,"Colorado",8,"Nones"
"125","AK","2008",0.32199639,"Alaska",2,"Nones"
"126","VA","2008",0.2388557,"Virginia",51,"Nones"
"127","SD","2008",0.1965725,"South Dakota",46,"Nones"
"128","WI","2008",0.1939408,"Wisconsin",55,"Nones"
"129","PA","2008",0.2029748,"Pennsylvania",42,"Nones"
"130","FL","2008",0.2219613,"Florida",12,"Nones"
"131","ID","2008",0.273633,"Idaho",16,"Nones"
"132","MT","2008",0.200711,"Montana",30,"Nones"
"133","OR","2008",0.32874611,"Oregon",41,"Nones"
"134","MN","2008",0.18464179,"Minnesota",27,"Nones"
"135","MS","2008",0.1620253,"Mississippi",28,"Nones"
"136","MO","2008",0.22096109,"Missouri",29,"Nones"
"137","SC","2008",0.1756669,"South Carolina",45,"Nones"
"138","IA","2008",0.2244066,"Iowa",19,"Nones"
"139","AR","2008",0.18708821,"Arkansas",5,"Nones"
"140","TN","2008",0.18570261,"Tennessee",47,"Nones"
"141","LA","2008",0.12942369,"Louisiana",22,"Nones"
"142","MI","2008",0.2550129,"Michigan",26,"Nones"
"143","OH","2008",0.20341609,"Ohio",39,"Nones"
"144","AL","2008",0.17719109,"Alabama",1,"Nones"
"145","GA","2008",0.1612335,"Georgia",13,"Nones"
"146","OK","2008",0.1992553,"Oklahoma",40,"Nones"
"147","TX","2008",0.17189831,"Texas",48,"Nones"
"148","AZ","2008",0.28352159,"Arizona",4,"Nones"
"149","KS","2008",0.1986893,"Kansas",20,"Nones"
"150","KY","2008",0.1669618,"Kentucky",21,"Nones"
"151","NE","2008",0.2139836,"Nebraska",31,"Nones"
"152","UT","2008",0.158005,"Utah",49,"Nones"
"153","DC","2008",0.31124929,"District of Columbia",11,"Nones"
"154","RI","2009",0.26021129,"Rhode Island",44,"Nones"
"155","NH","2009",0.2347583,"New Hampshire",33,"Nones"
"156","CT","2009",0.31050101,"Connecticut",9,"Nones"
"157","NY","2009",0.19539949,"New York",36,"Nones"
"158","MA","2009",0.29426339,"Massachusetts",25,"Nones"
"159","WY","2009",0.2377211,"Wyoming",56,"Nones"
"160","MD","2009",0.21718261,"Maryland",24,"Nones"
"161","NJ","2009",0.2855002,"New Jersey",34,"Nones"
"162","CA","2009",0.30495399,"California",6,"Nones"
"163","VT","2009",0.40092349,"Vermont",50,"Nones"
"164","NV","2009",0.23554561,"Nevada",32,"Nones"
"165","HI","2009",0.1879317,"Hawaii",15,"Nones"
"166","WV","2009",0.2886,"West Virginia",54,"Nones"
"167","DE","2009",0.2422719,"Delaware",10,"Nones"
"168","IN","2009",0.2792922,"Indiana",18,"Nones"
"169","WA","2009",0.3146894,"Washington",53,"Nones"
"170","IL","2009",0.2435125,"Illinois",17,"Nones"
"171","ME","2009",0.35138059,"Maine",23,"Nones"
"172","ND","2009",0.1062228,"North Dakota",38,"Nones"
"173","NC","2009",0.28841531,"North Carolina",37,"Nones"
"174","NM","2009",0.29130661,"New Mexico",35,"Nones"
"175","CO","2009",0.2768907,"Colorado",8,"Nones"
"176","AK","2009",0.30448139,"Alaska",2,"Nones"
"177","VA","2009",0.2111176,"Virginia",51,"Nones"
"178","SD","2009",0.17874099,"South Dakota",46,"Nones"
"179","WI","2009",0.2253482,"Wisconsin",55,"Nones"
"180","PA","2009",0.2257583,"Pennsylvania",42,"Nones"
"181","FL","2009",0.2482993,"Florida",12,"Nones"
"182","ID","2009",0.37733969,"Idaho",16,"Nones"
"183","MT","2009",0.3384788,"Montana",30,"Nones"
"184","OR","2009",0.35784879,"Oregon",41,"Nones"
"185","MN","2009",0.2295038,"Minnesota",27,"Nones"
"186","MS","2009",0.166041,"Mississippi",28,"Nones"
"187","MO","2009",0.21879371,"Missouri",29,"Nones"
"188","SC","2009",0.27473381,"South Carolina",45,"Nones"
"189","IA","2009",0.2490828,"Iowa",19,"Nones"
"190","AR","2009",0.1101328,"Arkansas",5,"Nones"
"191","TN","2009",0.28976271,"Tennessee",47,"Nones"
"192","LA","2009",0.2000594,"Louisiana",22,"Nones"
"193","MI","2009",0.24861629,"Michigan",26,"Nones"
"194","OH","2009",0.22989871,"Ohio",39,"Nones"
"195","AL","2009",0.30135781,"Alabama",1,"Nones"
"196","GA","2009",0.2272699,"Georgia",13,"Nones"
"197","OK","2009",0.248707,"Oklahoma",40,"Nones"
"198","TX","2009",0.205901,"Texas",48,"Nones"
"199","AZ","2009",0.24254189,"Arizona",4,"Nones"
"200","KS","2009",0.1541288,"Kansas",20,"Nones"
"201","KY","2009",0.2217927,"Kentucky",21,"Nones"
"202","NE","2009",0.1750676,"Nebraska",31,"Nones"
"203","UT","2009",0.2272452,"Utah",49,"Nones"
"204","DC","2009",0.3920486,"District of Columbia",11,"Nones"
"205","RI","2010",0.20946521,"Rhode Island",44,"Nones"
"206","NH","2010",0.22509199,"New Hampshire",33,"Nones"
"207","CT","2010",0.2180912,"Connecticut",9,"Nones"
"208","NY","2010",0.2050184,"New York",36,"Nones"
"209","MA","2010",0.2558324,"Massachusetts",25,"Nones"
"210","WY","2010",0.29396009,"Wyoming",56,"Nones"
"211","MD","2010",0.20804919,"Maryland",24,"Nones"
"212","NJ","2010",0.2462856,"New Jersey",34,"Nones"
"213","CA","2010",0.2834844,"California",6,"Nones"
"214","VT","2010",0.40812421,"Vermont",50,"Nones"
"215","NV","2010",0.22885071,"Nevada",32,"Nones"
"216","HI","2010",0.3228488,"Hawaii",15,"Nones"
"217","WV","2010",0.2835719,"West Virginia",54,"Nones"
"218","DE","2010",0.14545441,"Delaware",10,"Nones"
"219","IN","2010",0.27919379,"Indiana",18,"Nones"
"220","WA","2010",0.32984239,"Washington",53,"Nones"
"221","IL","2010",0.2410837,"Illinois",17,"Nones"
"222","ME","2010",0.272991,"Maine",23,"Nones"
"223","ND","2010",0.2134715,"North Dakota",38,"Nones"
"224","NC","2010",0.20330881,"North Carolina",37,"Nones"
"225","NM","2010",0.25560781,"New Mexico",35,"Nones"
"226","CO","2010",0.30296701,"Colorado",8,"Nones"
"227","AK","2010",0.28098759,"Alaska",2,"Nones"
"228","VA","2010",0.2343166,"Virginia",51,"Nones"
"229","SD","2010",0.180095,"South Dakota",46,"Nones"
"230","WI","2010",0.1986603,"Wisconsin",55,"Nones"
"231","PA","2010",0.20437761,"Pennsylvania",42,"Nones"
"232","FL","2010",0.244931,"Florida",12,"Nones"
"233","ID","2010",0.2217865,"Idaho",16,"Nones"
"234","MT","2010",0.2408689,"Montana",30,"Nones"
"235","OR","2010",0.27324879,"Oregon",41,"Nones"
"236","MN","2010",0.2197437,"Minnesota",27,"Nones"
"237","MS","2010",0.1987215,"Mississippi",28,"Nones"
"238","MO","2010",0.23018719,"Missouri",29,"Nones"
"239","SC","2010",0.2367294,"South Carolina",45,"Nones"
"240","IA","2010",0.23155279,"Iowa",19,"Nones"
"241","AR","2010",0.16292299,"Arkansas",5,"Nones"
"242","TN","2010",0.25954351,"Tennessee",47,"Nones"
"243","LA","2010",0.17947529,"Louisiana",22,"Nones"
"244","MI","2010",0.30036381,"Michigan",26,"Nones"
"245","OH","2010",0.2408839,"Ohio",39,"Nones"
"246","AL","2010",0.1883253,"Alabama",1,"Nones"
"247","GA","2010",0.20541769,"Georgia",13,"Nones"
"248","OK","2010",0.26865751,"Oklahoma",40,"Nones"
"249","TX","2010",0.2443603,"Texas",48,"Nones"
"250","AZ","2010",0.2497689,"Arizona",4,"Nones"
"251","KS","2010",0.2079796,"Kansas",20,"Nones"
"252","KY","2010",0.2274923,"Kentucky",21,"Nones"
"253","NE","2010",0.1779761,"Nebraska",31,"Nones"
"254","UT","2010",0.17638829,"Utah",49,"Nones"
"255","DC","2010",0.21670499,"District of Columbia",11,"Nones"
"256","RI","2011",0.28843781,"Rhode Island",44,"Nones"
"257","NH","2011",0.31302339,"New Hampshire",33,"Nones"
"258","CT","2011",0.3266198,"Connecticut",9,"Nones"
"259","NY","2011",0.2520766,"New York",36,"Nones"
"260","MA","2011",0.3597661,"Massachusetts",25,"Nones"
"261","WY","2011",0.3332265,"Wyoming",56,"Nones"
"262","MD","2011",0.25853771,"Maryland",24,"Nones"
"263","NJ","2011",0.2467481,"New Jersey",34,"Nones"
"264","CA","2011",0.29611969,"California",6,"Nones"
"265","VT","2011",0.46365461,"Vermont",50,"Nones"
"266","NV","2011",0.2647832,"Nevada",32,"Nones"
"267","HI","2011",0.2261132,"Hawaii",15,"Nones"
"268","WV","2011",0.27232349,"West Virginia",54,"Nones"
"269","DE","2011",0.13966881,"Delaware",10,"Nones"
"270","IN","2011",0.29561681,"Indiana",18,"Nones"
"271","WA","2011",0.35006639,"Washington",53,"Nones"
"272","IL","2011",0.2617372,"Illinois",17,"Nones"
"273","ME","2011",0.34645841,"Maine",23,"Nones"
"274","ND","2011",0.30566451,"North Dakota",38,"Nones"
"275","NC","2011",0.21166719,"North Carolina",37,"Nones"
"276","NM","2011",0.26056659,"New Mexico",35,"Nones"
"277","CO","2011",0.30535689,"Colorado",8,"Nones"
"278","AK","2011",0.1709314,"Alaska",2,"Nones"
"279","VA","2011",0.22755881,"Virginia",51,"Nones"
"280","SD","2011",0.3308886,"South Dakota",46,"Nones"
"281","WI","2011",0.1983635,"Wisconsin",55,"Nones"
"282","PA","2011",0.2350177,"Pennsylvania",42,"Nones"
"283","FL","2011",0.2400047,"Florida",12,"Nones"
"284","ID","2011",0.3643207,"Idaho",16,"Nones"
"285","MT","2011",0.27781469,"Montana",30,"Nones"
"286","OR","2011",0.37330991,"Oregon",41,"Nones"
"287","MN","2011",0.30681121,"Minnesota",27,"Nones"
"288","MS","2011",0.0970769,"Mississippi",28,"Nones"
"289","MO","2011",0.26088029,"Missouri",29,"Nones"
"290","SC","2011",0.26046959,"South Carolina",45,"Nones"
"291","IA","2011",0.2367392,"Iowa",19,"Nones"
"292","AR","2011",0.26646119,"Arkansas",5,"Nones"
"293","TN","2011",0.2439537,"Tennessee",47,"Nones"
"294","LA","2011",0.18444981,"Louisiana",22,"Nones"
"295","MI","2011",0.2855368,"Michigan",26,"Nones"
"296","OH","2011",0.24514429,"Ohio",39,"Nones"
"297","AL","2011",0.1787519,"Alabama",1,"Nones"
"298","GA","2011",0.2065123,"Georgia",13,"Nones"
"299","OK","2011",0.20654491,"Oklahoma",40,"Nones"
"300","TX","2011",0.26376891,"Texas",48,"Nones"
"301","AZ","2011",0.2740491,"Arizona",4,"Nones"
"302","KS","2011",0.2200724,"Kansas",20,"Nones"
"303","KY","2011",0.223285,"Kentucky",21,"Nones"
"304","NE","2011",0.23122419,"Nebraska",31,"Nones"
"305","UT","2011",0.1837776,"Utah",49,"Nones"
"306","DC","2011",0.48348269,"District of Columbia",11,"Nones"
"307","RI","2012",0.31186679,"Rhode Island",44,"Nones"
"308","NH","2012",0.25202221,"New Hampshire",33,"Nones"
"309","CT","2012",0.29880291,"Connecticut",9,"Nones"
"310","NY","2012",0.26247701,"New York",36,"Nones"
"311","MA","2012",0.30029199,"Massachusetts",25,"Nones"
"312","WY","2012",0.2463325,"Wyoming",56,"Nones"
"313","MD","2012",0.26983029,"Maryland",24,"Nones"
"314","NJ","2012",0.2059734,"New Jersey",34,"Nones"
"315","CA","2012",0.34840959,"California",6,"Nones"
"316","VT","2012",0.35943249,"Vermont",50,"Nones"
"317","NV","2012",0.30353299,"Nevada",32,"Nones"
"318","HI","2012",0.27041349,"Hawaii",15,"Nones"
"319","WV","2012",0.29633889,"West Virginia",54,"Nones"
"320","DE","2012",0.2971974,"Delaware",10,"Nones"
"321","IN","2012",0.25675821,"Indiana",18,"Nones"
"322","WA","2012",0.38207671,"Washington",53,"Nones"
"323","IL","2012",0.27141041,"Illinois",17,"Nones"
"324","ME","2012",0.29574671,"Maine",23,"Nones"
"325","ND","2012",0.27644351,"North Dakota",38,"Nones"
"326","NC","2012",0.2069287,"North Carolina",37,"Nones"
"327","NM","2012",0.31290221,"New Mexico",35,"Nones"
"328","CO","2012",0.31716409,"Colorado",8,"Nones"
"329","AK","2012",0.36795431,"Alaska",2,"Nones"
"330","VA","2012",0.2445101,"Virginia",51,"Nones"
"331","SD","2012",0.13439,"South Dakota",46,"Nones"
"332","WI","2012",0.24042819,"Wisconsin",55,"Nones"
"333","PA","2012",0.24691629,"Pennsylvania",42,"Nones"
"334","FL","2012",0.23783471,"Florida",12,"Nones"
"335","ID","2012",0.32890469,"Idaho",16,"Nones"
"336","MT","2012",0.338204,"Montana",30,"Nones"
"337","OR","2012",0.36598909,"Oregon",41,"Nones"
"338","MN","2012",0.2286333,"Minnesota",27,"Nones"
"339","MS","2012",0.1829495,"Mississippi",28,"Nones"
"340","MO","2012",0.25377131,"Missouri",29,"Nones"
"341","SC","2012",0.2022595,"South Carolina",45,"Nones"
"342","IA","2012",0.28705719,"Iowa",19,"Nones"
"343","AR","2012",0.2647478,"Arkansas",5,"Nones"
"344","TN","2012",0.2261505,"Tennessee",47,"Nones"
"345","LA","2012",0.19495431,"Louisiana",22,"Nones"
"346","MI","2012",0.29837489,"Michigan",26,"Nones"
"347","OH","2012",0.29367781,"Ohio",39,"Nones"
"348","AL","2012",0.17736579,"Alabama",1,"Nones"
"349","GA","2012",0.2473246,"Georgia",13,"Nones"
"350","OK","2012",0.18758249,"Oklahoma",40,"Nones"
"351","TX","2012",0.2166844,"Texas",48,"Nones"
"352","AZ","2012",0.33053669,"Arizona",4,"Nones"
"353","KS","2012",0.23038851,"Kansas",20,"Nones"
"354","KY","2012",0.245773,"Kentucky",21,"Nones"
"355","NE","2012",0.18377639,"Nebraska",31,"Nones"
"356","UT","2012",0.2172149,"Utah",49,"Nones"
"357","DC","2012",0.31001991,"District of Columbia",11,"Nones"
"358","RI","2013",0.34100631,"Rhode Island",44,"Nones"
"359","NH","2013",0.2883971,"New Hampshire",33,"Nones"
"360","CT","2013",0.27012551,"Connecticut",9,"Nones"
"361","NY","2013",0.2498908,"New York",36,"Nones"
"362","MA","2013",0.280577,"Massachusetts",25,"Nones"
"363","WY","2013",0.29103696,"Wyoming",56,"Nones"
"364","MD","2013",0.27668509,"Maryland",24,"Nones"
"365","NJ","2013",0.22923964,"New Jersey",34,"Nones"
"366","CA","2013",0.34199169,"California",6,"Nones"
"367","VT","2013",0.35698515,"Vermont",50,"Nones"
"368","NV","2013",0.31822029,"Nevada",32,"Nones"
"369","HI","2013",0.33588436,"Hawaii",15,"Nones"
"370","WV","2013",0.30858749,"West Virginia",54,"Nones"
"371","DE","2013",0.29824835,"Delaware",10,"Nones"
"372","IN","2013",0.2753264,"Indiana",18,"Nones"
"373","WA","2013",0.38137406,"Washington",53,"Nones"
"374","IL","2013",0.26512659,"Illinois",17,"Nones"
"375","ME","2013",0.29161599,"Maine",23,"Nones"
"376","ND","2013",0.25020885,"North Dakota",38,"Nones"
"377","NC","2013",0.2145804,"North Carolina",37,"Nones"
"378","NM","2013",0.29653245,"New Mexico",35,"Nones"
"379","CO","2013",0.3245393,"Colorado",8,"Nones"
"380","AK","2013",0.39900431,"Alaska",2,"Nones"
"381","VA","2013",0.24478056,"Virginia",51,"Nones"
"382","SD","2013",0.18804465,"South Dakota",46,"Nones"
"383","WI","2013",0.27432451,"Wisconsin",55,"Nones"
"384","PA","2013",0.24443629,"Pennsylvania",42,"Nones"
"385","FL","2013",0.25251234,"Florida",12,"Nones"
"386","ID","2013",0.30978286,"Idaho",16,"Nones"
"387","MT","2013",0.32629889,"Montana",30,"Nones"
"388","OR","2013",0.41012299,"Oregon",41,"Nones"
"389","MN","2013",0.25953475,"Minnesota",27,"Nones"
"390","MS","2013",0.16969851,"Mississippi",28,"Nones"
"391","MO","2013",0.27994215,"Missouri",29,"Nones"
"392","SC","2013",0.20748401,"South Carolina",45,"Nones"
"393","IA","2013",0.28906736,"Iowa",19,"Nones"
"394","AR","2013",0.22177359,"Arkansas",5,"Nones"
"395","TN","2013",0.2083679,"Tennessee",47,"Nones"
"396","LA","2013",0.2030144,"Louisiana",22,"Nones"
"397","MI","2013",0.28941166,"Michigan",26,"Nones"
"398","OH","2013",0.29189739,"Ohio",39,"Nones"
"399","AL","2013",0.22015341,"Alabama",1,"Nones"
"400","GA","2013",0.25034109,"Georgia",13,"Nones"
"401","OK","2013",0.20830575,"Oklahoma",40,"Nones"
"402","TX","2013",0.22149131,"Texas",48,"Nones"
"403","AZ","2013",0.34624964,"Arizona",4,"Nones"
"404","KS","2013",0.22731809,"Kansas",20,"Nones"
"405","KY","2013",0.2238317,"Kentucky",21,"Nones"
"406","NE","2013",0.20348629,"Nebraska",31,"Nones"
"407","UT","2013",0.23695935,"Utah",49,"Nones"
"408","DC","2013",0.33480054,"District of Columbia",11,"Nones"
"409","RI","2014",0.3701458,"Rhode Island",44,"Nones"
"410","NH","2014",0.324772,"New Hampshire",33,"Nones"
"411","CT","2014",0.2414481,"Connecticut",9,"Nones"
"412","NY","2014",0.2373046,"New York",36,"Nones"
"413","MA","2014",0.26086199,"Massachusetts",25,"Nones"
"414","WY","2014",0.3357414,"Wyoming",56,"Nones"
"415","MD","2014",0.28353989,"Maryland",24,"Nones"
"416","NJ","2014",0.2525059,"New Jersey",34,"Nones"
"417","CA","2014",0.33557379,"California",6,"Nones"
"418","VT","2014",0.35453781,"Vermont",50,"Nones"
"419","NV","2014",0.33290759,"Nevada",32,"Nones"
"420","HI","2014",0.40135521,"Hawaii",15,"Nones"
"421","WV","2014",0.3208361,"West Virginia",54,"Nones"
"422","DE","2014",0.2992993,"Delaware",10,"Nones"
"423","IN","2014",0.29389459,"Indiana",18,"Nones"
"424","WA","2014",0.38067141,"Washington",53,"Nones"
"425","IL","2014",0.2588428,"Illinois",17,"Nones"
"426","ME","2014",0.2874853,"Maine",23,"Nones"
"427","ND","2014",0.2239742,"North Dakota",38,"Nones"
"428","NC","2014",0.2222321,"North Carolina",37,"Nones"
"429","NM","2014",0.28016269,"New Mexico",35,"Nones"
"430","CO","2014",0.33191451,"Colorado",8,"Nones"
"431","AK","2014",0.43005431,"Alaska",2,"Nones"
"432","VA","2014",0.245051,"Virginia",51,"Nones"
"433","SD","2014",0.24169929,"South Dakota",46,"Nones"
"434","WI","2014",0.3082208,"Wisconsin",55,"Nones"
"435","PA","2014",0.24195629,"Pennsylvania",42,"Nones"
"436","FL","2014",0.26719001,"Florida",12,"Nones"
"437","ID","2014",0.29066101,"Idaho",16,"Nones"
"438","MT","2014",0.31439379,"Montana",30,"Nones"
"439","OR","2014",0.45425689,"Oregon",41,"Nones"
"440","MN","2014",0.29043621,"Minnesota",27,"Nones"
"441","MS","2014",0.1564475,"Mississippi",28,"Nones"
"442","MO","2014",0.306113,"Missouri",29,"Nones"
"443","SC","2014",0.2127085,"South Carolina",45,"Nones"
"444","IA","2014",0.29107749,"Iowa",19,"Nones"
"445","AR","2014",0.17879941,"Arkansas",5,"Nones"
"446","TN","2014",0.1905853,"Tennessee",47,"Nones"
"447","LA","2014",0.2110745,"Louisiana",22,"Nones"
"448","MI","2014",0.28044841,"Michigan",26,"Nones"
"449","OH","2014",0.290117,"Ohio",39,"Nones"
"450","AL","2014",0.262941,"Alabama",1,"Nones"
"451","GA","2014",0.25335759,"Georgia",13,"Nones"
"452","OK","2014",0.229029,"Oklahoma",40,"Nones"
"453","TX","2014",0.2262982,"Texas",48,"Nones"
"454","AZ","2014",0.36196259,"Arizona",4,"Nones"
"455","KS","2014",0.22424769,"Kansas",20,"Nones"
"456","KY","2014",0.20189039,"Kentucky",21,"Nones"
"457","NE","2014",0.22319619,"Nebraska",31,"Nones"
"458","UT","2014",0.25670379,"Utah",49,"Nones"
"459","DC","2014",0.3595812,"District of Columbia",11,"Nones"
"460","RI","2015",0.36261624,"Rhode Island",44,"Nones"
"461","NH","2015",0.31286246,"New Hampshire",33,"Nones"
"462","CT","2015",0.25708559,"Connecticut",9,"Nones"
"463","NY","2015",0.25846541,"New York",36,"Nones"
"464","MA","2015",0.28029975,"Massachusetts",25,"Nones"
"465","WY","2015",0.29742146,"Wyoming",56,"Nones"
"466","MD","2015",0.29534999,"Maryland",24,"Nones"
"467","NJ","2015",0.24886949,"New Jersey",34,"Nones"
"468","CA","2015",0.34260866,"California",6,"Nones"
"469","VT","2015",0.38991699,"Vermont",50,"Nones"
"470","NV","2015",0.36634731,"Nevada",32,"Nones"
"471","HI","2015",0.38177514,"Hawaii",15,"Nones"
"472","WV","2015",0.31212154,"West Virginia",54,"Nones"
"473","DE","2015",0.32258219,"Delaware",10,"Nones"
"474","IN","2015",0.29430875,"Indiana",18,"Nones"
"475","WA","2015",0.4090775,"Washington",53,"Nones"
"476","IL","2015",0.27984041,"Illinois",17,"Nones"
"477","ME","2015",0.35273844,"Maine",23,"Nones"
"478","ND","2015",0.20962235,"North Dakota",38,"Nones"
"479","NC","2015",0.24954925,"North Carolina",37,"Nones"
"480","NM","2015",0.30394551,"New Mexico",35,"Nones"
"481","CO","2015",0.34312841,"Colorado",8,"Nones"
"482","AK","2015",0.40493199,"Alaska",2,"Nones"
"483","VA","2015",0.2693406,"Virginia",51,"Nones"
"484","SD","2015",0.22760215,"South Dakota",46,"Nones"
"485","WI","2015",0.30538511,"Wisconsin",55,"Nones"
"486","PA","2015",0.26813129,"Pennsylvania",42,"Nones"
"487","FL","2015",0.27786079,"Florida",12,"Nones"
"488","ID","2015",0.32300621,"Idaho",16,"Nones"
"489","MT","2015",0.35678309,"Montana",30,"Nones"
"490","OR","2015",0.43042195,"Oregon",41,"Nones"
"491","MN","2015",0.31748381,"Minnesota",27,"Nones"
"492","MS","2015",0.20387594,"Mississippi",28,"Nones"
"493","MO","2015",0.29130721,"Missouri",29,"Nones"
"494","SC","2015",0.25041929,"South Carolina",45,"Nones"
"495","IA","2015",0.31077459,"Iowa",19,"Nones"
"496","AR","2015",0.24041705,"Arkansas",5,"Nones"
"497","TN","2015",0.22217666,"Tennessee",47,"Nones"
"498","LA","2015",0.2325685,"Louisiana",22,"Nones"
"499","MI","2015",0.31706959,"Michigan",26,"Nones"
"500","OH","2015",0.29671419,"Ohio",39,"Nones"
"501","AL","2015",0.25440145,"Alabama",1,"Nones"
"502","GA","2015",0.24965151,"Georgia",13,"Nones"
"503","OK","2015",0.23951665,"Oklahoma",40,"Nones"
"504","TX","2015",0.2465619,"Texas",48,"Nones"
"505","AZ","2015",0.33864281,"Arizona",4,"Nones"
"506","KS","2015",0.25399989,"Kansas",20,"Nones"
"507","KY","2015",0.2313554,"Kentucky",21,"Nones"
"508","NE","2015",0.22516111,"Nebraska",31,"Nones"
"509","UT","2015",0.2722564,"Utah",49,"Nones"
"510","DC","2015",0.39202139,"District of Columbia",11,"Nones"
"511","RI","2016",0.35508671,"Rhode Island",44,"Nones"
"512","NH","2016",0.30095291,"New Hampshire",33,"Nones"
"513","CT","2016",0.27272311,"Connecticut",9,"Nones"
"514","NY","2016",0.27962619,"New York",36,"Nones"
"515","MA","2016",0.29973751,"Massachusetts",25,"Nones"
"516","WY","2016",0.25910151,"Wyoming",56,"Nones"
"517","MD","2016",0.30716011,"Maryland",24,"Nones"
"518","NJ","2016",0.2452331,"New Jersey",34,"Nones"
"519","CA","2016",0.3496435,"California",6,"Nones"
"520","VT","2016",0.42529619,"Vermont",50,"Nones"
"521","NV","2016",0.39978701,"Nevada",32,"Nones"
"522","HI","2016",0.3621951,"Hawaii",15,"Nones"
"523","WV","2016",0.30340701,"West Virginia",54,"Nones"
"524","DE","2016",0.3458651,"Delaware",10,"Nones"
"525","IN","2016",0.29472291,"Indiana",18,"Nones"
"526","WA","2016",0.43748361,"Washington",53,"Nones"
"527","IL","2016",0.30083799,"Illinois",17,"Nones"
"528","ME","2016",0.41799161,"Maine",23,"Nones"
"529","ND","2016",0.19527049,"North Dakota",38,"Nones"
"530","NC","2016",0.27686641,"North Carolina",37,"Nones"
"531","NM","2016",0.3277283,"New Mexico",35,"Nones"
"532","CO","2016",0.35434231,"Colorado",8,"Nones"
"533","AK","2016",0.37980971,"Alaska",2,"Nones"
"534","VA","2016",0.29363021,"Virginia",51,"Nones"
"535","SD","2016",0.213505,"South Dakota",46,"Nones"
"536","WI","2016",0.30254939,"Wisconsin",55,"Nones"
"537","PA","2016",0.29430631,"Pennsylvania",42,"Nones"
"538","FL","2016",0.2885316,"Florida",12,"Nones"
"539","ID","2016",0.35535139,"Idaho",16,"Nones"
"540","MT","2016",0.3991724,"Montana",30,"Nones"
"541","OR","2016",0.406587,"Oregon",41,"Nones"
"542","MN","2016",0.34453139,"Minnesota",27,"Nones"
"543","MS","2016",0.25130439,"Mississippi",28,"Nones"
"544","MO","2016",0.27650139,"Missouri",29,"Nones"
"545","SC","2016",0.2881301,"South Carolina",45,"Nones"
"546","IA","2016",0.33047169,"Iowa",19,"Nones"
"547","AR","2016",0.30203471,"Arkansas",5,"Nones"
"548","TN","2016",0.253768,"Tennessee",47,"Nones"
"549","LA","2016",0.2540625,"Louisiana",22,"Nones"
"550","MI","2016",0.3536908,"Michigan",26,"Nones"
"551","OH","2016",0.30331141,"Ohio",39,"Nones"
"552","AL","2016",0.2458619,"Alabama",1,"Nones"
"553","GA","2016",0.24594539,"Georgia",13,"Nones"
"554","OK","2016",0.25000429,"Oklahoma",40,"Nones"
"555","TX","2016",0.26682559,"Texas",48,"Nones"
"556","AZ","2016",0.315323,"Arizona",4,"Nones"
"557","KS","2016",0.28375211,"Kansas",20,"Nones"
"558","KY","2016",0.26082039,"Kentucky",21,"Nones"
"559","NE","2016",0.227126,"Nebraska",31,"Nones"
"560","UT","2016",0.28780901,"Utah",49,"Nones"
"561","DC","2016",0.4244616,"District of Columbia",11,"Nones"
"562",NA,"2008",0.0873775657736486,"Alabama",NA,"Mainline"
"563",NA,"2008",0.0988732559513244,"Alaska",NA,"Mainline"
"564",NA,"2008",0.10250599343437,"Arizona",NA,"Mainline"
"565",NA,"2008",0.0995524176185963,"Arkansas",NA,"Mainline"
"566",NA,"2008",0.0800656109788646,"California",NA,"Mainline"
"567",NA,"2008",0.119477261370854,"Colorado",NA,"Mainline"
"568",NA,"2008",0.131710143422638,"Connecticut",NA,"Mainline"
"569",NA,"2008",0.159472761741493,"Delaware",NA,"Mainline"
"570",NA,"2008",0.099687935895005,"District of Columbia",NA,"Mainline"
"571",NA,"2008",0.110220602690871,"Florida",NA,"Mainline"
"572",NA,"2008",0.117745079900848,"Georgia",NA,"Mainline"
"573",NA,"2008",0.0469686644153571,"Hawaii",NA,"Mainline"
"574",NA,"2008",0.0601956981101137,"Idaho",NA,"Mainline"
"575",NA,"2008",0.124987362890074,"Illinois",NA,"Mainline"
"576",NA,"2008",0.147852123738945,"Indiana",NA,"Mainline"
"577",NA,"2008",0.253164301847552,"Iowa",NA,"Mainline"
"578",NA,"2008",0.183392708628963,"Kansas",NA,"Mainline"
"579",NA,"2008",0.121146380052946,"Kentucky",NA,"Mainline"
"580",NA,"2008",0.0826892762402582,"Louisiana",NA,"Mainline"
"581",NA,"2008",0.0954943419655613,"Maine",NA,"Mainline"
"582",NA,"2008",0.142023990912392,"Maryland",NA,"Mainline"
"583",NA,"2008",0.0823152826998128,"Massachusetts",NA,"Mainline"
"584",NA,"2008",0.127998866893682,"Michigan",NA,"Mainline"
"585",NA,"2008",0.234257733704252,"Minnesota",NA,"Mainline"
"586",NA,"2008",0.120105270036935,"Mississippi",NA,"Mainline"
"587",NA,"2008",0.141868392141058,"Missouri",NA,"Mainline"
"588",NA,"2008",0.112990123052124,"Montana",NA,"Mainline"
"589",NA,"2008",0.198411993929119,"Nebraska",NA,"Mainline"
"590",NA,"2008",0.0730584506970143,"Nevada",NA,"Mainline"
"591",NA,"2008",0.130562247343594,"New Hampshire",NA,"Mainline"
"592",NA,"2008",0.11558884530336,"New Jersey",NA,"Mainline"
"593",NA,"2008",0.0995721447283327,"New Mexico",NA,"Mainline"
"594",NA,"2008",0.114814101775813,"New York",NA,"Mainline"
"595",NA,"2008",0.156077522961863,"North Carolina",NA,"Mainline"
"596",NA,"2008",0.246318719335831,"North Dakota",NA,"Mainline"
"597",NA,"2008",0.178667410480455,"Ohio",NA,"Mainline"
"598",NA,"2008",0.120174013518736,"Oklahoma",NA,"Mainline"
"599",NA,"2008",0.107237360943478,"Oregon",NA,"Mainline"
"600",NA,"2008",0.202905360386663,"Pennsylvania",NA,"Mainline"
"601",NA,"2008",0.0952779926595953,"Rhode Island",NA,"Mainline"
"602",NA,"2008",0.150084531578755,"South Carolina",NA,"Mainline"
"603",NA,"2008",0.290583599962306,"South Dakota",NA,"Mainline"
"604",NA,"2008",0.105964754819086,"Tennessee",NA,"Mainline"
"605",NA,"2008",0.110975035088352,"Texas",NA,"Mainline"
"606",NA,"2008",0.0229073345658889,"Utah",NA,"Mainline"
"607",NA,"2008",0.132840554166496,"Vermont",NA,"Mainline"
"608",NA,"2008",0.163411257706654,"Virginia",NA,"Mainline"
"609",NA,"2008",0.114930406398428,"Washington",NA,"Mainline"
"610",NA,"2008",0.258061801700691,"West Virginia",NA,"Mainline"
"611",NA,"2008",0.15169238975839,"Wisconsin",NA,"Mainline"
"612",NA,"2008",0.092312743122246,"Wyoming",NA,"Mainline"
"613",NA,"2012",0.15192230263685,"Alabama",NA,"Mainline"
"614",NA,"2012",0.0995014400192443,"Alaska",NA,"Mainline"
"615",NA,"2012",0.103793350316683,"Arizona",NA,"Mainline"
"616",NA,"2012",0.163354968213508,"Arkansas",NA,"Mainline"
"617",NA,"2012",0.0903266732627645,"California",NA,"Mainline"
"618",NA,"2012",0.154538113919553,"Colorado",NA,"Mainline"
"619",NA,"2012",0.141367394290193,"Connecticut",NA,"Mainline"
"620",NA,"2012",0.194810760332373,"Delaware",NA,"Mainline"
"621",NA,"2012",0.17978148998538,"District of Columbia",NA,"Mainline"
"622",NA,"2012",0.128694796103855,"Florida",NA,"Mainline"
"623",NA,"2012",0.130135260986807,"Georgia",NA,"Mainline"
"624",NA,"2012",0.161312997970522,"Hawaii",NA,"Mainline"
"625",NA,"2012",0.0736831341136439,"Idaho",NA,"Mainline"
"626",NA,"2012",0.127116296461842,"Illinois",NA,"Mainline"
"627",NA,"2012",0.146659473379633,"Indiana",NA,"Mainline"
"628",NA,"2012",0.276380616099914,"Iowa",NA,"Mainline"
"629",NA,"2012",0.184654046751462,"Kansas",NA,"Mainline"
"630",NA,"2012",0.109396720359742,"Kentucky",NA,"Mainline"
"631",NA,"2012",0.0959283190369868,"Louisiana",NA,"Mainline"
"632",NA,"2012",0.146046789649294,"Maine",NA,"Mainline"
"633",NA,"2012",0.164481556586611,"Maryland",NA,"Mainline"
"634",NA,"2012",0.111044230574695,"Massachusetts",NA,"Mainline"
"635",NA,"2012",0.146588054078751,"Michigan",NA,"Mainline"
"636",NA,"2012",0.244854504004249,"Minnesota",NA,"Mainline"
"637",NA,"2012",0.162436978362555,"Mississippi",NA,"Mainline"
"638",NA,"2012",0.119017621856362,"Missouri",NA,"Mainline"
"639",NA,"2012",0.208533953688272,"Montana",NA,"Mainline"
"640",NA,"2012",0.211270784923244,"Nebraska",NA,"Mainline"
"641",NA,"2012",0.0970903834064044,"Nevada",NA,"Mainline"
"642",NA,"2012",0.206364411401009,"New Hampshire",NA,"Mainline"
"643",NA,"2012",0.145174627275544,"New Jersey",NA,"Mainline"
"644",NA,"2012",0.0743299801527718,"New Mexico",NA,"Mainline"
"645",NA,"2012",0.107479344984406,"New York",NA,"Mainline"
"646",NA,"2012",0.17017373258752,"North Carolina",NA,"Mainline"
"647",NA,"2012",0.337043348100304,"North Dakota",NA,"Mainline"
"648",NA,"2012",0.18335232507386,"Ohio",NA,"Mainline"
"649",NA,"2012",0.135556517729363,"Oklahoma",NA,"Mainline"
"650",NA,"2012",0.113834280454135,"Oregon",NA,"Mainline"
"651",NA,"2012",0.230375229759782,"Pennsylvania",NA,"Mainline"
"652",NA,"2012",0.093404181457065,"Rhode Island",NA,"Mainline"
"653",NA,"2012",0.191687888611942,"South Carolina",NA,"Mainline"
"654",NA,"2012",0.389872130365553,"South Dakota",NA,"Mainline"
"655",NA,"2012",0.129359276725625,"Tennessee",NA,"Mainline"
"656",NA,"2012",0.120078861080504,"Texas",NA,"Mainline"
"657",NA,"2012",0.0155846795046178,"Utah",NA,"Mainline"
"658",NA,"2012",0.141755288386041,"Vermont",NA,"Mainline"
"659",NA,"2012",0.168416286142514,"Virginia",NA,"Mainline"
"660",NA,"2012",0.135255716497274,"Washington",NA,"Mainline"
"661",NA,"2012",0.19591819465527,"West Virginia",NA,"Mainline"
"662",NA,"2012",0.168887520574123,"Wisconsin",NA,"Mainline"
"663",NA,"2012",0.174885740419112,"Wyoming",NA,"Mainline"
"664",NA,"2016",0.114716294461667,"Alabama",NA,"Mainline"
"665",NA,"2016",0.0817265480867142,"Alaska",NA,"Mainline"
"666",NA,"2016",0.0927238036936302,"Arizona",NA,"Mainline"
"667",NA,"2016",0.129203691224205,"Arkansas",NA,"Mainline"
"668",NA,"2016",0.0850036714160338,"California",NA,"Mainline"
"669",NA,"2016",0.14031533525551,"Colorado",NA,"Mainline"
"670",NA,"2016",0.109056310480743,"Connecticut",NA,"Mainline"
"671",NA,"2016",0.196494657733111,"Delaware",NA,"Mainline"
"672",NA,"2016",0.129967927220327,"District of Columbia",NA,"Mainline"
"673",NA,"2016",0.123415931861278,"Florida",NA,"Mainline"
"674",NA,"2016",0.136282517106472,"Georgia",NA,"Mainline"
"675",NA,"2016",0.129540229386182,"Hawaii",NA,"Mainline"
"676",NA,"2016",0.117856392507178,"Idaho",NA,"Mainline"
"677",NA,"2016",0.111327665820581,"Illinois",NA,"Mainline"
"678",NA,"2016",0.15045920966344,"Indiana",NA,"Mainline"
"679",NA,"2016",0.234620364757844,"Iowa",NA,"Mainline"
"680",NA,"2016",0.218656266015851,"Kansas",NA,"Mainline"
"681",NA,"2016",0.113630264603377,"Kentucky",NA,"Mainline"
"682",NA,"2016",0.0451827736882617,"Louisiana",NA,"Mainline"
"683",NA,"2016",0.102129503384349,"Maine",NA,"Mainline"
"684",NA,"2016",0.19485221961963,"Maryland",NA,"Mainline"
"685",NA,"2016",0.0961955736501206,"Massachusetts",NA,"Mainline"
"686",NA,"2016",0.129718936208475,"Michigan",NA,"Mainline"
"687",NA,"2016",0.232000501587393,"Minnesota",NA,"Mainline"
"688",NA,"2016",0.1284706933521,"Mississippi",NA,"Mainline"
"689",NA,"2016",0.105621084998631,"Missouri",NA,"Mainline"
"690",NA,"2016",0.133128535390374,"Montana",NA,"Mainline"
"691",NA,"2016",0.203278264246068,"Nebraska",NA,"Mainline"
"692",NA,"2016",0.101837711608112,"Nevada",NA,"Mainline"
"693",NA,"2016",0.147622173378374,"New Hampshire",NA,"Mainline"
"694",NA,"2016",0.110215803562421,"New Jersey",NA,"Mainline"
"695",NA,"2016",0.0510802497103078,"New Mexico",NA,"Mainline"
"696",NA,"2016",0.107064689964683,"New York",NA,"Mainline"
"697",NA,"2016",0.142750904597497,"North Carolina",NA,"Mainline"
"698",NA,"2016",0.262961161171098,"North Dakota",NA,"Mainline"
"699",NA,"2016",0.165143478220386,"Ohio",NA,"Mainline"
"700",NA,"2016",0.117535784174444,"Oklahoma",NA,"Mainline"
"701",NA,"2016",0.110289327328503,"Oregon",NA,"Mainline"
"702",NA,"2016",0.216169696339151,"Pennsylvania",NA,"Mainline"
"703",NA,"2016",0.0619031209308248,"Rhode Island",NA,"Mainline"
"704",NA,"2016",0.13467000685009,"South Carolina",NA,"Mainline"
"705",NA,"2016",0.302482480927229,"South Dakota",NA,"Mainline"
"706",NA,"2016",0.125383438283357,"Tennessee",NA,"Mainline"
"707",NA,"2016",0.105169732195576,"Texas",NA,"Mainline"
"708",NA,"2016",0.0157344176873249,"Utah",NA,"Mainline"
"709",NA,"2016",0.167467101282142,"Vermont",NA,"Mainline"
"710",NA,"2016",0.171613567260442,"Virginia",NA,"Mainline"
"711",NA,"2016",0.131570932054616,"Washington",NA,"Mainline"
"712",NA,"2016",0.194494295595723,"West Virginia",NA,"Mainline"
"713",NA,"2016",0.142269778550553,"Wisconsin",NA,"Mainline"
"714",NA,"2016",0.131371907832727,"Wyoming",NA,"Mainline"
"715",NA,"2008",0.50519042656502,"Alabama",NA,"Evangelical"
"716",NA,"2008",0.193255045671221,"Alaska",NA,"Evangelical"
"717",NA,"2008",0.195167158754899,"Arizona",NA,"Evangelical"
"718",NA,"2008",0.457037159875715,"Arkansas",NA,"Evangelical"
"719",NA,"2008",0.181069890596969,"California",NA,"Evangelical"
"720",NA,"2008",0.251028744961133,"Colorado",NA,"Evangelical"
"721",NA,"2008",0.0727487545219178,"Connecticut",NA,"Evangelical"
"722",NA,"2008",0.139054899332803,"Delaware",NA,"Evangelical"
"723",NA,"2008",0.0461889854562567,"District of Columbia",NA,"Evangelical"
"724",NA,"2008",0.258805421331174,"Florida",NA,"Evangelical"
"725",NA,"2008",0.43515086683098,"Georgia",NA,"Evangelical"
"726",NA,"2008",0.0997665352005593,"Hawaii",NA,"Evangelical"
"727",NA,"2008",0.25686231010725,"Idaho",NA,"Evangelical"
"728",NA,"2008",0.214691222689523,"Illinois",NA,"Evangelical"
"729",NA,"2008",0.287582220999531,"Indiana",NA,"Evangelical"
"730",NA,"2008",0.1826501970671,"Iowa",NA,"Evangelical"
"731",NA,"2008",0.276112141595764,"Kansas",NA,"Evangelical"
"732",NA,"2008",0.488417365652729,"Kentucky",NA,"Evangelical"
"733",NA,"2008",0.346910083024306,"Louisiana",NA,"Evangelical"
"734",NA,"2008",0.111612890199261,"Maine",NA,"Evangelical"
"735",NA,"2008",0.110121894091162,"Maryland",NA,"Evangelical"
"736",NA,"2008",0.054605570913717,"Massachusetts",NA,"Evangelical"
"737",NA,"2008",0.239804428584857,"Michigan",NA,"Evangelical"
"738",NA,"2008",0.194956587513018,"Minnesota",NA,"Evangelical"
"739",NA,"2008",0.565835848597551,"Mississippi",NA,"Evangelical"
"740",NA,"2008",0.321306533998033,"Missouri",NA,"Evangelical"
"741",NA,"2008",0.228202199430323,"Montana",NA,"Evangelical"
"742",NA,"2008",0.184746112176979,"Nebraska",NA,"Evangelical"
"743",NA,"2008",0.204431818714319,"Nevada",NA,"Evangelical"
"744",NA,"2008",0.0838510219752817,"New Hampshire",NA,"Evangelical"
"745",NA,"2008",0.0750147932595482,"New Jersey",NA,"Evangelical"
"746",NA,"2008",0.218994587584588,"New Mexico",NA,"Evangelical"
"747",NA,"2008",0.085264110537371,"New York",NA,"Evangelical"
"748",NA,"2008",0.402141378439635,"North Carolina",NA,"Evangelical"
"749",NA,"2008",0.174507869008753,"North Dakota",NA,"Evangelical"
"750",NA,"2008",0.225854971916121,"Ohio",NA,"Evangelical"
"751",NA,"2008",0.468799782139546,"Oklahoma",NA,"Evangelical"
"752",NA,"2008",0.228075247772188,"Oregon",NA,"Evangelical"
"753",NA,"2008",0.137386245913375,"Pennsylvania",NA,"Evangelical"
"754",NA,"2008",0.0414094939441113,"Rhode Island",NA,"Evangelical"
"755",NA,"2008",0.407860439111344,"South Carolina",NA,"Evangelical"
"756",NA,"2008",0.211531371370028,"South Dakota",NA,"Evangelical"
"757",NA,"2008",0.480615197999511,"Tennessee",NA,"Evangelical"
"758",NA,"2008",0.38923397010497,"Texas",NA,"Evangelical"
"759",NA,"2008",0.0481220882481664,"Utah",NA,"Evangelical"
"760",NA,"2008",0.151280160194848,"Vermont",NA,"Evangelical"
"761",NA,"2008",0.276615884009859,"Virginia",NA,"Evangelical"
"762",NA,"2008",0.220566886687207,"Washington",NA,"Evangelical"
"763",NA,"2008",0.36641925988949,"West Virginia",NA,"Evangelical"
"764",NA,"2008",0.22557621751568,"Wisconsin",NA,"Evangelical"
"765",NA,"2008",0.233961021816136,"Wyoming",NA,"Evangelical"
"766",NA,"2012",0.484189325173766,"Alabama",NA,"Evangelical"
"767",NA,"2012",0.217480710356318,"Alaska",NA,"Evangelical"
"768",NA,"2012",0.239765822952481,"Arizona",NA,"Evangelical"
"769",NA,"2012",0.400848332752144,"Arkansas",NA,"Evangelical"
"770",NA,"2012",0.2102653358954,"California",NA,"Evangelical"
"771",NA,"2012",0.242948763468209,"Colorado",NA,"Evangelical"
"772",NA,"2012",0.0664789423763511,"Connecticut",NA,"Evangelical"
"773",NA,"2012",0.0982710650186542,"Delaware",NA,"Evangelical"
"774",NA,"2012",0.0695958286820238,"District of Columbia",NA,"Evangelical"
"775",NA,"2012",0.274943167961447,"Florida",NA,"Evangelical"
"776",NA,"2012",0.439850963068259,"Georgia",NA,"Evangelical"
"777",NA,"2012",0.236378034570716,"Hawaii",NA,"Evangelical"
"778",NA,"2012",0.295248448828514,"Idaho",NA,"Evangelical"
"779",NA,"2012",0.195789841921995,"Illinois",NA,"Evangelical"
"780",NA,"2012",0.347405254529178,"Indiana",NA,"Evangelical"
"781",NA,"2012",0.236084602056536,"Iowa",NA,"Evangelical"
"782",NA,"2012",0.35185828721985,"Kansas",NA,"Evangelical"
"783",NA,"2012",0.445898573822302,"Kentucky",NA,"Evangelical"
"784",NA,"2012",0.305044459960196,"Louisiana",NA,"Evangelical"
"785",NA,"2012",0.224826802212236,"Maine",NA,"Evangelical"
"786",NA,"2012",0.173652832253873,"Maryland",NA,"Evangelical"
"787",NA,"2012",0.0888588809785278,"Massachusetts",NA,"Evangelical"
"788",NA,"2012",0.250886430641557,"Michigan",NA,"Evangelical"
"789",NA,"2012",0.221481177306544,"Minnesota",NA,"Evangelical"
"790",NA,"2012",0.560576483056674,"Mississippi",NA,"Evangelical"
"791",NA,"2012",0.337405913808859,"Missouri",NA,"Evangelical"
"792",NA,"2012",0.207384953455588,"Montana",NA,"Evangelical"
"793",NA,"2012",0.312453286574146,"Nebraska",NA,"Evangelical"
"794",NA,"2012",0.200263475434247,"Nevada",NA,"Evangelical"
"795",NA,"2012",0.123123378477456,"New Hampshire",NA,"Evangelical"
"796",NA,"2012",0.0984000927091353,"New Jersey",NA,"Evangelical"
"797",NA,"2012",0.237968526529509,"New Mexico",NA,"Evangelical"
"798",NA,"2012",0.0981083374125919,"New York",NA,"Evangelical"
"799",NA,"2012",0.418246136514248,"North Carolina",NA,"Evangelical"
"800",NA,"2012",0.180164851546176,"North Dakota",NA,"Evangelical"
"801",NA,"2012",0.254243153941663,"Ohio",NA,"Evangelical"
"802",NA,"2012",0.488556255817717,"Oklahoma",NA,"Evangelical"
"803",NA,"2012",0.24355865314581,"Oregon",NA,"Evangelical"
"804",NA,"2012",0.179255133315945,"Pennsylvania",NA,"Evangelical"
"805",NA,"2012",0.0847597967383518,"Rhode Island",NA,"Evangelical"
"806",NA,"2012",0.380881199891975,"South Carolina",NA,"Evangelical"
"807",NA,"2012",0.230998002449202,"South Dakota",NA,"Evangelical"
"808",NA,"2012",0.487055696720142,"Tennessee",NA,"Evangelical"
"809",NA,"2012",0.422812692169105,"Texas",NA,"Evangelical"
"810",NA,"2012",0.0473859966013717,"Utah",NA,"Evangelical"
"811",NA,"2012",0.122606010320325,"Vermont",NA,"Evangelical"
"812",NA,"2012",0.310835952059359,"Virginia",NA,"Evangelical"
"813",NA,"2012",0.252097588915633,"Washington",NA,"Evangelical"
"814",NA,"2012",0.38332032954676,"West Virginia",NA,"Evangelical"
"815",NA,"2012",0.230595241546827,"Wisconsin",NA,"Evangelical"
"816",NA,"2012",0.220370161716483,"Wyoming",NA,"Evangelical"
"817",NA,"2016",0.549862913002362,"Alabama",NA,"Evangelical"
"818",NA,"2016",0.321417785113478,"Alaska",NA,"Evangelical"
"819",NA,"2016",0.242007025758891,"Arizona",NA,"Evangelical"
"820",NA,"2016",0.510725257653038,"Arkansas",NA,"Evangelical"
"821",NA,"2016",0.206596985725102,"California",NA,"Evangelical"
"822",NA,"2016",0.244448312337056,"Colorado",NA,"Evangelical"
"823",NA,"2016",0.0846492267539058,"Connecticut",NA,"Evangelical"
"824",NA,"2016",0.170779625940108,"Delaware",NA,"Evangelical"
"825",NA,"2016",0.0506949986508806,"District of Columbia",NA,"Evangelical"
"826",NA,"2016",0.25010320505527,"Florida",NA,"Evangelical"
"827",NA,"2016",0.447814588392378,"Georgia",NA,"Evangelical"
"828",NA,"2016",0.279143794659183,"Hawaii",NA,"Evangelical"
"829",NA,"2016",0.274848031417951,"Idaho",NA,"Evangelical"
"830",NA,"2016",0.213562427734821,"Illinois",NA,"Evangelical"
"831",NA,"2016",0.333121832389599,"Indiana",NA,"Evangelical"
"832",NA,"2016",0.229365685765076,"Iowa",NA,"Evangelical"
"833",NA,"2016",0.303329701086918,"Kansas",NA,"Evangelical"
"834",NA,"2016",0.457903764028053,"Kentucky",NA,"Evangelical"
"835",NA,"2016",0.381752111841587,"Louisiana",NA,"Evangelical"
"836",NA,"2016",0.193614665469457,"Maine",NA,"Evangelical"
"837",NA,"2016",0.151484183798836,"Maryland",NA,"Evangelical"
"838",NA,"2016",0.0879128783796966,"Massachusetts",NA,"Evangelical"
"839",NA,"2016",0.214341535481019,"Michigan",NA,"Evangelical"
"840",NA,"2016",0.195670887917007,"Minnesota",NA,"Evangelical"
"841",NA,"2016",0.563459979038858,"Mississippi",NA,"Evangelical"
"842",NA,"2016",0.372986034249093,"Missouri",NA,"Evangelical"
"843",NA,"2016",0.245287721062587,"Montana",NA,"Evangelical"
"844",NA,"2016",0.23230372379398,"Nebraska",NA,"Evangelical"
"845",NA,"2016",0.164303245213066,"Nevada",NA,"Evangelical"
"846",NA,"2016",0.215269559194767,"New Hampshire",NA,"Evangelical"
"847",NA,"2016",0.101817460159174,"New Jersey",NA,"Evangelical"
"848",NA,"2016",0.24127479997065,"New Mexico",NA,"Evangelical"
"849",NA,"2016",0.101826339302474,"New York",NA,"Evangelical"
"850",NA,"2016",0.405370865701301,"North Carolina",NA,"Evangelical"
"851",NA,"2016",0.238257136960069,"North Dakota",NA,"Evangelical"
"852",NA,"2016",0.258435715280982,"Ohio",NA,"Evangelical"
"853",NA,"2016",0.490024755040791,"Oklahoma",NA,"Evangelical"
"854",NA,"2016",0.277570981868755,"Oregon",NA,"Evangelical"
"855",NA,"2016",0.164358979542844,"Pennsylvania",NA,"Evangelical"
"856",NA,"2016",0.0925122179903127,"Rhode Island",NA,"Evangelical"
"857",NA,"2016",0.428870866317852,"South Carolina",NA,"Evangelical"
"858",NA,"2016",0.291172953962918,"South Dakota",NA,"Evangelical"
"859",NA,"2016",0.486330986709452,"Tennessee",NA,"Evangelical"
"860",NA,"2016",0.348624059442982,"Texas",NA,"Evangelical"
"861",NA,"2016",0.0568880225952795,"Utah",NA,"Evangelical"
"862",NA,"2016",0.0886202423667894,"Vermont",NA,"Evangelical"
"863",NA,"2016",0.289386188048624,"Virginia",NA,"Evangelical"
"864",NA,"2016",0.232992137146736,"Washington",NA,"Evangelical"
"865",NA,"2016",0.401736411649095,"West Virginia",NA,"Evangelical"
"866",NA,"2016",0.286697448294054,"Wisconsin",NA,"Evangelical"
"867",NA,"2016",0.32164893901047,"Wyoming",NA,"Evangelical"
